1	M	L
2	R	L
3	R	L
4	G	L
5	L	L
6	R	L
7	R	L
8	G	L
9	L	L
10	G	L
11	I	L
12	L	L
13	L	L
14	V	L
15	P	L
16	L	L
17	P	L
18	H	L
19	A	L
20	P	L
21	S	L
22	R	L
23	L	L
24	P	L
25	P	L
26	I	L
27	S	L
28	L	L
29	A	L
30	A	L
31	L	L
32	L	L
33	P	L
34	R	L
35	R	L
36	F	S
37	N	L
38	G	L
39	F	L
40	S	L
41	R	L
42	H	L
43	S	L
44	F	L
45	C	L
46	S	L
47	F	L
48	P	L
49	V	L
50	G	S
51	E	L
52	R	L
53	A	L
54	V	L
55	E	L
56	Q	L
57	F	L
58	S	L
59	D	T
60	D	T
61	E	S
62	Y	S
63	D	S
64	H	S
65	E	L
66	Y	L
67	E	S
68	D	L
69	L	L
70	R	L
71	P	L
72	S	L
73	S	L
74	S	L
75	V	L
76	A	T
77	N	T
78	I	H
79	D	H
80	E	H
81	W	H
82	R	H
83	W	H
84	K	H
85	L	H
86	S	H
87	M	H
88	L	H
89	Q	H
90	R	H
91	N	L
92	A	S
93	E	S
94	E	L
95	Q	L
96	E	E
97	I	E
98	I	E
99	S	E
100	R	L
101	D	L
102	R	L
103	R	L
104	D	L
105	R	H
106	R	H
107	D	H
108	Y	H
109	D	H
110	Q	H
111	I	H
112	A	H
113	N	H
114	L	H
115	A	H
116	K	H
117	R	H
118	M	T
119	G	T
120	L	L
121	Y	E
122	S	E
123	E	E
124	M	E
125	Y	E
126	G	T
127	R	T
128	V	E
129	V	E
130	V	E
131	A	E
132	S	E
133	K	S
134	V	S
135	P	L
136	L	L
137	P	L
138	N	S
139	Y	L
140	R	L
141	P	T
142	D	T
143	L	T
144	D	S
145	D	L
146	K	L
147	R	L
148	P	L
149	Q	L
150	R	L
151	E	L
152	V	L
153	V	L
154	I	L
155	P	L
156	L	H
157	G	H
158	L	H
159	Q	H
160	R	H
161	R	H
162	V	H
163	E	H
164	G	H
165	L	H
166	V	H
167	Q	H
168	E	H
169	H	H
170	L	H
171	D	H
172	R	H
173	A	H
174	F	S
175	L	S
176	P	L
177	L	L
178	N	L
179	K	L
180	C	L
181	G	L
182	G	L
183	N	L
184	T	L
185	K	L
186	N	L
187	G	L
188	S	L
189	D	L
190	M	L
191	T	L
192	E	L
193	N	S
194	A	S
195	N	S
196	L	T
197	D	T
198	E	T
199	Q	S
200	H	G
201	D	G
202	S	G
203	L	G
204	L	S
205	D	L
206	R	H
207	S	H
208	V	H
209	M	H
210	E	H
211	K	H
212	I	H
213	L	H
214	Q	H
215	R	H
216	K	H
217	S	H
218	I	H
219	R	H
220	M	H
221	R	H
222	N	H
223	F	H
224	Q	H
225	R	H
226	S	H
227	W	H
228	Q	H
229	E	H
230	S	S
231	P	H
232	E	H
233	G	H
234	A	H
235	K	H
236	M	H
237	L	H
238	E	H
239	F	H
240	R	H
241	R	H
242	S	H
243	L	S
244	P	H
245	A	H
246	D	H
247	K	H
248	E	T
249	K	H
250	E	H
251	R	H
252	L	H
253	L	H
254	A	H
255	A	H
256	I	H
257	A	H
258	R	H
259	N	L
260	Q	S
261	V	E
262	I	E
263	V	E
264	I	E
265	S	E
266	G	E
267	E	L
268	T	T
269	G	T
270	C	S
271	G	S
272	K	H
273	T	H
274	T	H
275	Q	H
276	L	H
277	P	H
278	Q	H
279	F	H
280	V	H
281	L	H
282	E	H
283	S	H
284	E	H
285	I	H
286	E	H
287	S	T
288	G	T
289	R	L
290	G	G
291	A	G
292	F	G
293	C	L
294	N	L
295	I	E
296	I	E
297	C	E
298	T	E
299	Q	E
300	P	S
301	R	S
302	R	H
303	I	H
304	S	H
305	A	H
306	M	H
307	A	H
308	V	H
309	A	H
310	E	H
311	R	H
312	V	H
313	S	H
314	T	H
315	E	H
316	R	H
317	G	T
318	E	L
319	N	L
320	L	T
321	G	T
322	E	S
323	S	S
324	V	E
325	G	E
326	Y	E
327	K	E
328	V	E
329	R	T
330	L	T
331	E	E
332	G	E
333	I	E
334	K	L
335	G	L
336	K	T
337	D	T
338	T	L
339	H	L
340	L	E
341	L	E
342	F	E
343	C	E
344	T	E
345	S	H
346	G	H
347	I	H
348	L	H
349	L	H
350	R	H
351	R	H
352	L	H
353	L	H
354	S	H
355	D	L
356	R	T
357	N	T
358	L	L
359	N	T
360	G	T
361	V	L
362	T	L
363	H	E
364	V	E
365	F	E
366	V	E
367	D	L
368	E	L
369	I	G
370	H	G
371	E	G
372	R	L
373	G	L
374	M	H
375	N	H
376	E	H
377	D	H
378	F	H
379	L	H
380	L	H
381	I	H
382	V	H
383	L	H
384	K	H
385	E	H
386	L	H
387	L	H
388	S	H
389	R	H
390	R	L
391	R	T
392	D	T
393	L	L
394	R	E
395	L	E
396	I	E
397	L	E
398	M	E
399	S	E
400	A	S
401	T	S
402	L	L
403	N	L
404	A	H
405	E	H
406	L	H
407	F	H
408	S	H
409	S	H
410	Y	H
411	F	T
412	G	T
413	G	S
414	A	L
415	P	L
416	T	E
417	I	E
418	H	E
419	I	E
420	P	L
421	G	L
422	F	L
423	T	S
424	H	S
425	P	L
426	V	E
427	R	E
428	A	E
429	H	E
430	F	L
431	L	H
432	E	H
433	D	H
434	I	H
435	L	H
436	E	H
437	R	H
438	S	H
439	G	L
440	Y	L
441	K	L
442	L	L
443	T	L
444	S	S
445	S	G
446	N	G
447	Q	G
448	L	T
449	D	S
450	D	S
451	Y	S
452	G	S
453	Q	T
454	D	H
455	K	H
456	V	H
457	W	H
458	K	H
459	T	H
460	Q	H
461	R	H
462	Q	T
463	L	T
464	L	S
465	P	L
466	R	H
467	K	H
468	R	H
469	K	H
470	N	H
471	Q	H
472	I	H
473	T	H
474	T	H
475	L	H
476	V	H
477	E	H
478	E	H
479	A	H
480	L	H
481	K	H
482	N	S
483	S	G
484	S	G
485	F	G
486	E	T
487	I	T
488	Y	S
489	G	L
490	S	H
491	R	H
492	T	H
493	R	H
494	D	H
495	S	H
496	L	H
497	V	H
498	N	T
499	W	L
500	N	L
501	P	T
502	D	T
503	C	S
504	I	L
505	G	L
506	F	H
507	N	H
508	L	H
509	I	H
510	E	H
511	A	H
512	V	H
513	L	H
514	C	H
515	H	H
516	I	H
517	C	H
518	R	T
519	K	S
520	E	L
521	R	L
522	P	L
523	G	L
524	A	E
525	V	E
526	L	E
527	V	E
528	F	E
529	M	L
530	T	S
531	G	S
532	W	H
533	D	H
534	D	H
535	I	H
536	S	H
537	C	H
538	L	H
539	K	H
540	D	H
541	Q	H
542	L	H
543	K	H
544	A	H
545	H	S
546	P	T
547	L	T
548	L	T
549	G	T
550	D	L
551	P	T
552	N	T
553	R	T
554	V	E
555	F	E
556	L	E
557	L	E
558	A	E
559	C	E
560	H	L
561	G	T
562	S	T
563	M	S
564	A	L
565	T	H
566	S	H
567	E	H
568	Q	H
569	R	H
570	L	G
571	I	G
572	F	G
573	E	S
574	K	L
575	P	L
576	P	L
577	P	T
578	N	T
579	V	L
580	R	E
581	K	E
582	V	E
583	V	E
584	L	E
585	A	E
586	T	L
587	N	G
588	M	G
589	A	G
590	E	T
591	A	S
592	S	S
593	I	L
594	T	L
595	I	L
596	N	T
597	D	T
598	I	E
599	V	E
600	F	E
601	V	E
602	V	E
603	D	E
604	C	L
605	G	S
606	K	E
607	A	E
608	K	E
609	E	E
610	T	E
611	T	E
612	Y	E
613	D	E
614	A	T
615	L	T
616	N	T
617	N	T
618	T	E
619	P	E
620	C	E
621	L	E
622	L	E
623	P	E
624	S	E
625	W	E
626	I	L
627	S	L
628	K	H
629	A	H
630	S	H
631	A	H
632	R	H
633	Q	H
634	R	H
635	R	H
636	G	H
637	R	G
638	A	G
639	G	G
640	R	S
641	V	S
642	Q	S
643	P	L
644	G	E
645	E	E
646	C	E
647	Y	E
648	H	E
649	L	S
650	Y	S
651	P	L
652	R	H
653	C	H
654	V	H
655	Y	H
656	D	H
657	A	T
658	F	S
659	A	L
660	D	S
661	Y	S
662	Q	L
663	L	L
664	P	L
665	E	G
666	L	G
667	L	G
668	R	T
669	T	S
670	P	L
671	L	L
672	N	H
673	S	H
674	L	H
675	C	H
676	L	H
677	Q	H
678	I	H
679	K	H
680	S	H
681	L	H
682	Q	T
683	V	L
684	G	S
685	S	L
686	I	H
687	G	H
688	E	H
689	F	H
690	L	H
691	S	H
692	A	T
693	A	S
694	L	S
695	Q	S
696	P	L
697	P	L
698	E	L
699	P	H
700	R	H
701	A	H
702	V	H
703	E	H
704	N	H
705	A	H
706	V	H
707	E	H
708	F	H
709	L	H
710	K	H
711	M	H
712	I	T
713	G	T
714	A	S
715	L	B
716	D	L
717	G	T
718	N	T
719	E	S
720	N	L
721	L	B
722	T	L
723	D	H
724	L	H
725	G	H
726	R	H
727	Y	H
728	L	H
729	S	H
730	M	H
731	L	S
732	P	S
733	V	S
734	D	L
735	P	H
736	K	H
737	L	H
738	G	H
739	K	H
740	M	H
741	L	H
742	I	H
743	M	H
744	G	H
745	A	H
746	V	H
747	F	T
748	R	T
749	C	L
750	I	H
751	D	H
752	P	H
753	I	H
754	L	H
755	T	H
756	V	H
757	V	H
758	A	H
759	G	H
760	L	H
761	S	H
762	V	S
763	R	L
764	D	L
765	P	S
766	F	B
767	L	L
768	L	L
769	P	L
770	Q	G
771	E	G
772	K	G
773	K	H
774	D	H
775	L	H
776	A	H
777	G	H
778	T	H
779	A	H
780	K	H
781	A	H
782	R	H
783	F	H
784	S	H
785	A	T
786	K	T
787	D	S
788	Y	L
789	S	B
790	D	H
791	H	H
792	M	H
793	A	H
794	L	H
795	V	H
796	R	H
797	A	H
798	Y	H
799	E	H
800	G	H
801	W	H
802	K	H
803	D	H
804	A	H
805	E	H
806	R	H
807	E	T
808	G	T
809	S	L
810	A	H
811	Y	H
812	E	H
813	Y	H
814	C	H
815	W	H
816	R	H
817	N	T
818	F	T
819	L	B
820	S	L
821	S	H
822	Q	H
823	T	H
824	L	H
825	Q	H
826	A	H
827	I	H
828	H	H
829	S	H
830	L	H
831	R	H
832	K	H
833	Q	H
834	F	H
835	S	H
836	Y	H
837	I	H
838	L	H
839	K	H
840	D	H
841	S	T
842	G	T
843	L	S
844	I	S
845	D	L
846	S	S
847	D	L
848	G	T
849	N	T
850	T	G
851	N	G
852	N	G
853	S	T
854	L	T
855	S	T
856	H	T
857	N	L
858	Q	H
859	S	H
860	L	H
861	V	H
862	R	H
863	G	H
864	I	H
865	I	H
866	C	H
867	S	H
868	G	H
869	L	H
870	F	T
871	P	T
872	G	L
873	I	E
874	A	E
875	S	E
876	V	E
877	V	E
878	H	E
879	R	E
880	E	T
881	S	T
882	S	E
883	M	E
884	S	E
885	F	E
886	K	E
887	T	E
888	M	T
889	D	T
890	D	T
891	G	E
892	Q	E
893	V	E
894	L	E
895	L	E
896	Y	L
897	A	T
898	N	T
899	S	S
900	V	G
901	N	G
902	A	G
903	K	G
904	Y	L
905	Q	S
906	T	L
907	I	L
908	P	S
909	Y	S
910	P	S
911	W	E
912	L	E
913	V	E
914	F	E
915	G	E
916	E	E
917	K	E
918	V	E
919	K	E
920	V	S
921	N	S
922	A	S
923	V	E
924	F	E
925	I	E
926	R	E
927	D	E
928	S	E
929	T	E
930	G	E
931	V	E
932	S	L
933	D	H
934	S	H
935	I	H
936	L	H
937	I	H
938	L	H
939	F	H
940	G	S
941	G	S
942	A	L
943	V	L
944	A	E
945	K	E
946	G	L
947	G	S
948	M	S
949	A	T
950	G	T
951	H	E
952	L	E
953	K	E
954	M	E
955	L	G
956	D	G
957	G	G
958	Y	T
959	I	E
960	D	E
961	F	E
962	F	E
963	M	L
964	D	L
965	P	H
966	S	H
967	L	H
968	S	H
969	E	H
970	C	H
971	Y	H
972	L	H
973	Q	H
974	L	H
975	K	H
976	E	H
977	E	H
978	L	H
979	D	H
980	K	H
981	L	H
982	I	H
983	Q	H
984	Q	H
985	K	H
986	L	H
987	E	H
988	D	L
989	P	T
990	N	T
991	F	L
992	D	L
993	I	H
994	H	H
995	K	H
996	E	H
997	G	T
998	K	H
999	Y	H
1000	I	H
1001	L	H
1002	F	H
1003	A	H
1004	V	H
1005	Q	H
1006	E	H
1007	L	H
1008	A	H
1009	A	H
1010	G	H
1011	D	G
1012	L	G
1013	C	G
1014	E	L
1015	G	L
1016	R	L
1017	F	L
1018	V	L
1019	F	L
1020	G	L
1021	R	S
1022	E	L
1023	T	S
1024	S	S
1025	R	L
1026	A	L
1027	R	S
1028	L	L
1029	R	L
1030	S	L
1031	P	T
1032	E	T
1033	D	L
1034	D	L
1035	G	S
1036	K	S
1037	S	L
1038	N	T
1039	L	T
1040	I	L
1041	K	S
1042	D	S
1043	G	L
1044	M	L
1045	N	L
1046	P	H
1047	K	H
1048	S	H
1049	L	H
1050	L	H
1051	Q	H
1052	T	H
1053	L	H
1054	L	H
1055	M	H
1056	R	H
1057	A	T
1058	G	T
1059	H	L
1060	T	L
1061	P	L
1062	P	L
1063	R	E
1064	Y	E
1065	K	E
1066	T	E
1067	K	E
1068	H	E
1069	L	L
1070	K	T
1071	T	T
1072	N	S
1073	E	L
1074	F	E
1075	R	E
1076	A	E
1077	V	E
1078	V	E
1079	E	E
1080	F	E
1081	K	T
1082	G	T
1083	M	E
1084	Q	E
1085	F	E
1086	V	E
1087	G	L
1088	K	L
1089	P	L
1090	K	B
1091	R	S
1092	N	S
1093	K	H
1094	Q	H
1095	L	H
1096	A	H
1097	E	H
1098	R	H
1099	D	H
1100	A	H
1101	A	H
1102	I	H
1103	E	H
1104	A	H
1105	L	H
1106	G	H
1107	W	H
1108	L	H
1109	T	H
1110	Q	H
1111	T	H
1112	S	H
1113	G	T
1114	V	L
1115	K	L
1116	A	L
1117	P	L
1118	D	L
1119	E	T
1120	N	T
1121	D	L
1122	D	L
1123	D	S
1124	S	L
1125	P	L
1126	L	L
1127	D	L
1128	L	H
1129	T	H
1130	D	H
1131	S	H
1132	M	H
1133	L	H
1134	K	H
1135	L	H
1136	L	H
1137	T	S
1138	R	S
1139	P	L
1140	R	L
1141	R	L
1142	H	L
1143	S	L
1144	K	L
1145	N	L
1146	S	L
1147	S	L
1148	R	L
1149	K	L
1150	R	L
